site,habitat,latitude,longitude,date,species_espèce,abundance_abondance_m^-2,biomass_biomasse_mg/m^2
CableI,Bare,44.74445,-62.79042,2013-07-18,Aricidea (Acmira) catherinae,2499.881678,168.0547638
CableI,Bare,44.74445,-62.79042,2013-07-18,Aricidea (Strelzovia) suecica,11.0160772,1.557951271
CableI,Bare,44.74445,-62.79042,2013-07-18,Buccinidae,11.0160772,2.003854467
CableI,Bare,44.74445,-62.79042,2013-07-18,Capitella sp,32.8482316,1.333516723
CableI,Bare,44.74445,-62.79042,2013-07-18,Chiridotea tuftsii,11.0160772,2.580482054
CableI,Bare,44.74445,-62.79042,2013-07-18,Clymenella torquata,76.51254039,171.7225657
CableI,Bare,44.74445,-62.79042,2013-07-18,Corophiidae,1364.60965,71.96347262
CableI,Bare,44.74445,-62.79042,2013-07-18,Cumacea,120.1768492,10.38294472
CableI,Bare,44.74445,-62.79042,2013-07-18,Cyathura polita,11.0160772,18.85382063
CableI,Bare,44.74445,-62.79042,2013-07-18,Edotia triloba,98.34469479,2.305047594
CableI,Bare,44.74445,-62.79042,2013-07-18,Lacuna vincta,11.0160772,0.678552092
CableI,Bare,44.74445,-62.79042,2013-07-18,Nemertea,43.76430879,1044.855917
CableI,Bare,44.74445,-62.79042,2013-07-18,Nephtys caeca,21.9321544,59.51620819
CableI,Bare,44.74445,-62.79042,2013-07-18,Oligochaeta,11.0160772,0.820461095
CableI,Bare,44.74445,-62.79042,2013-07-18,Paraonis fulgens,2805.53184,113.0704829
CableI,Bare,44.74445,-62.79042,2013-07-18,Parexogone hebes,8405.479443,199.7113877
CableI,Bare,44.74445,-62.79042,2013-07-18,Parvicardium pinnulatum,11.0160772,6.671478473
CableI,Bare,44.74445,-62.79042,2013-07-18,Phoxocephalus holbolli,21.9321544,0.241909004
CableI,Bare,44.74445,-62.79042,2013-07-18,Phylo ornatus,11.0160772,40.76151428
CableI,Bare,44.74445,-62.79042,2013-07-18,Politolana polita,43.76430879,984.6830168
CableI,Bare,44.74445,-62.79042,2013-07-18,Psammonyx nobilis,11.0160772,5.567404593
CableI,Bare,44.74445,-62.79042,2013-07-18,Pygospio elegans,578.6520915,16.56144442
CableI,Bare,44.74445,-62.79042,2013-07-18,Saccoglossus kowalevskii,11.0160772,29.74206183
CableI,Bare,44.74445,-62.79042,2013-07-18,Salemia coeca,5272.565287,69.530541
CableI,Bare,44.74445,-62.79042,2013-07-18,Schistomeringos sp,152.9250808,7.89407912
CableI,Bare,44.74445,-62.79042,2013-07-18,Scoletoma fragilis,32.8482316,119.2786744
CableI,Bare,44.74445,-62.79042,2013-07-18,Scoloplos sp,142.0090036,159.2585888
CableI,Bare,44.74445,-62.79042,2013-07-18,Skeneopsis planorbis,32.8482316,2.097642127
CableI,Bare,44.74445,-62.79042,2013-07-18,Spio filicornis,11.0160772,0.482062702
CableI,Bare,44.74445,-62.79042,2013-07-18,Spiophanes bombyx,32.8482316,20.76413414
CableI,Bare,44.74445,-62.79042,2013-07-18,Spirorbis (Spirorbis) spirorbis,43.76430879,4.117116409
CableI,Bare,44.74445,-62.79042,2013-07-18,Spisula solidissima,76.51254039,38.65456641
CableI,Bare,44.74445,-62.79042,2013-07-18,Stereobalanus canadensis,11.0160772,1.141393765
CableI,Bare,44.74445,-62.79042,2013-07-18,Streptosyllis varians,2216.063671,105.3713737
CableI,Bare,44.74445,-62.79042,2013-07-18,Tellina sp,567.7360143,452.8097022
CableI,Bare,44.74445,-62.79042,2013-07-18,Tharyx acutus,11.0160772,1.19160772
CableI,Bare,44.74445,-62.79042,2013-07-18,Travisia carnea,11.0160772,167.0884726
CableI,Bare,44.74445,-62.79042,2013-07-18,Turbonilla sp,11.0160772,1.051927233
CableI,Bare,44.74445,-62.79042,2013-07-18,Unciola irrorata,43.76430879,3.789634093
CableI,SG,44.74587,-62.79277,2013-07-17,Ampharete arctica,21.9321544,12.70806916
CableI,SG,44.74587,-62.79277,2013-07-17,Amphipholis squamata,32.8482316,56.88543359
CableI,SG,44.74587,-62.79277,2013-07-17,Aricidea (Acmira) catherinae,1910.41351,102.3072308
CableI,SG,44.74587,-62.79277,2013-07-17,Bipalponephtys neotena�,382.1627019,64.18566937
CableI,SG,44.74587,-62.79277,2013-07-17,Capitella sp,65.59646319,5.558038599
CableI,SG,44.74587,-62.79277,2013-07-17,Caprellidae,163.841158,19.30123788
CableI,SG,44.74587,-62.79277,2013-07-17,Clymenella torquata,196.5893896,930.5100079
CableI,SG,44.74587,-62.79277,2013-07-17,Clymenella zonalis,622.3164003,2324.951541
CableI,SG,44.74587,-62.79277,2013-07-17,Corophiidae,403.9948563,14.19265566
CableI,SG,44.74587,-62.79277,2013-07-17,Cumacea,21.9321544,5.363994411
CableI,SG,44.74587,-62.79277,2013-07-17,Eteone longa,32.8482316,17.46747882
CableI,SG,44.74587,-62.79277,2013-07-17,Glycera dibranchiata,11.0160772,150.2178936
CableI,SG,44.74587,-62.79277,2013-07-17,Hardametopa carinata,76.51254039,3.662854773
CableI,SG,44.74587,-62.79277,2013-07-17,Harmothoe extenuata,240.2536984,419.921413
CableI,SG,44.74587,-62.79277,2013-07-17,Harmothoe sp,11.0160772,4.280857567
CableI,SG,44.74587,-62.79277,2013-07-17,Heteromastus filiformis,11.0160772,0.460230548
CableI,SG,44.74587,-62.79277,2013-07-17,Ischyrocerus anguipes,283.9180072,11.52913283
CableI,SG,44.74587,-62.79277,2013-07-17,Lacuna vincta,556.8199371,305.2698542
CableI,SG,44.74587,-62.79277,2013-07-17,Leptocheirus pinguis,21.9321544,35.58511047
CableI,SG,44.74587,-62.79277,2013-07-17,Littorina littorea,11.0160772,428.1739673
CableI,SG,44.74587,-62.79277,2013-07-17,Mediomastus ambiseta,1790.336661,450.5503973
CableI,SG,44.74587,-62.79277,2013-07-17,Microphthalmus sp,65.59646319,1.73741158
CableI,SG,44.74587,-62.79277,2013-07-17,Nemertea,43.76430879,28.55821326
CableI,SG,44.74587,-62.79277,2013-07-17,Nephtys caeca,11.0160772,15.06594184
CableI,SG,44.74587,-62.79277,2013-07-17,Nereididae,11.0160772,0.591223474
CableI,SG,44.74587,-62.79277,2013-07-17,Ninoe nigripes,54.68038599,749.2238756
CableI,SG,44.74587,-62.79277,2013-07-17,Oligochaeta,589.5681687,37.80413064
CableI,SG,44.74587,-62.79277,2013-07-17,Ophelina acuminata,11.0160772,1.660999039
CableI,SG,44.74587,-62.79277,2013-07-17,Orchomenella minuta,54.68038599,8.551510785
CableI,SG,44.74587,-62.79277,2013-07-17,Parexogone hebes,622.3164003,21.451847
CableI,SG,44.74587,-62.79277,2013-07-17,Pherusa affinis,11.0160772,580.2526068
CableI,SG,44.74587,-62.79277,2013-07-17,Pholoe minuta,98.34469479,45.47223823
CableI,SG,44.74587,-62.79277,2013-07-17,Phoxocephalus holbolli,775.1414811,28.48180072
CableI,SG,44.74587,-62.79277,2013-07-17,Phyllodoce maculata,32.8482316,64.86770588
CableI,SG,44.74587,-62.79277,2013-07-17,Polydora cornuta,11.0160772,0.340153698
CableI,SG,44.74587,-62.79277,2013-07-17,Pontogeneia inermis,98.34469479,25.17562658
CableI,SG,44.74587,-62.79277,2013-07-17,Prionospio steenstrupi,21.9321544,12.15156755
CableI,SG,44.74587,-62.79277,2013-07-17,Pygospio elegans,11.0160772,0.274657235
CableI,SG,44.74587,-62.79277,2013-07-17,Schistomeringos sp,54.68038599,9.793476552
CableI,SG,44.74587,-62.79277,2013-07-17,Scoloplos sp,11.0160772,1.628250808
CableI,SG,44.74587,-62.79277,2013-07-17,Sphaerodoridium minutum,21.9321544,2.031927343
CableI,SG,44.74587,-62.79277,2013-07-17,Testudinalia testudinalis,11.0160772,9.553322854
CableI,SG,44.74587,-62.79277,2013-07-17,Tritia trivittata,21.9321544,154.7262335
CresB,Bare,44.23691,-64.39926,2013-06-24,Acteocina canaliculata,65.59646319,24.07170553
CresB,Bare,44.23691,-64.39926,2013-06-24,Aricidea (Acmira) catherinae,11.0160772,1.748327657
CresB,Bare,44.23691,-64.39926,2013-06-24,Bittiolum alternatum,11.0160772,3.549480395
CresB,Bare,44.23691,-64.39926,2013-06-24,Capitella sp,76.51254039,4.575591651
CresB,Bare,44.23691,-64.39926,2013-06-24,Ecrobia truncata�,21.9321544,0.394734084
CresB,Bare,44.23691,-64.39926,2013-06-24,Gemma gemma,1506.518653,105.6912147
CresB,Bare,44.23691,-64.39926,2013-06-24,Hypereteone heteropoda,11.0160772,2.305047594
CresB,Bare,44.23691,-64.39926,2013-06-24,Leitoscoloplos sp ,65.59646319,4022.13956
CresB,Bare,44.23691,-64.39926,2013-06-24,Lyonsia hyalina,11.0160772,17.32996594
CresB,Bare,44.23691,-64.39926,2013-06-24,Mya arenaria,32.8482316,102.8421186
CresB,Bare,44.23691,-64.39926,2013-06-24,Nephtys caeca,32.8482316,105.5274736
CresB,Bare,44.23691,-64.39926,2013-06-24,Oligochaeta,76.51254039,3.462151777
CresB,Bare,44.23691,-64.39926,2013-06-24,Paraonis fulgens,120.1768492,19.8253515
CresB,Bare,44.23691,-64.39926,2013-06-24,Parexogone hebes,425.8270107,11.02699328
CresB,Bare,44.23691,-64.39926,2013-06-24,Platyhelminthes 2,11.0160772,3.625892935
CresB,Bare,44.23691,-64.39926,2013-06-24,Pygospio elegans,196.5893896,7.34827526
CresB,Bare,44.23691,-64.39926,2013-06-24,Saccoglossus kowalevskii,21.9321544,196.785879
CresB,Bare,44.23691,-64.39926,2013-06-24,Spio filicornis,11.0160772,1.26802026
CresB,Bare,44.23691,-64.39926,2013-06-24,Spio setosa,11.0160772,29.98821937
CresB,Bare,44.23691,-64.39926,2013-06-24,Tellina sp,109.260772,38.72108113
CresB,Bare,44.23691,-64.39926,2013-06-24,Unciola irrorata,0.1,0.1
CresB,SG,44.23839,-64.40676,2013-06-24,Acteocina canaliculata,43.76430879,16.84526242
CresB,SG,44.23839,-64.40676,2013-06-24,Amphipholis squamata,98.34469479,118.015193
CresB,SG,44.23839,-64.40676,2013-06-24,Anomia simplex,11.0160772,52.06635054
CresB,SG,44.23839,-64.40676,2013-06-24,Aricidea (Acmira) catherinae,98.34469479,21.00428784
CresB,SG,44.23839,-64.40676,2013-06-24,Astyris lunata,11.0160772,15.70819164
CresB,SG,44.23839,-64.40676,2013-06-24,Bittiolum alternatum,9573.499703,3129.313606
CresB,SG,44.23839,-64.40676,2013-06-24,Capitella sp,65.59646319,4.695668501
CresB,SG,44.23839,-64.40676,2013-06-24,Caprellidae,11.0160772,0.471146625
CresB,SG,44.23839,-64.40676,2013-06-24,Clymenella zonalis,21.9321544,104.2284604
CresB,SG,44.23839,-64.40676,2013-06-24,Corophiidae,152.9250808,6.027429919
CresB,SG,44.23839,-64.40676,2013-06-24,Dexamine thea,43.76430879,0.492978779
CresB,SG,44.23839,-64.40676,2013-06-24,Fabricia stellaris,32.8482316,1.137027334
CresB,SG,44.23839,-64.40676,2013-06-24,Gemma gemma,11.0160772,0.340153698
CresB,SG,44.23839,-64.40676,2013-06-24,Gyptis bruneli,152.9250808,181.0739324
CresB,SG,44.23839,-64.40676,2013-06-24,Haminoea solitaria,11.0160772,0.798628941
CresB,SG,44.23839,-64.40676,2013-06-24,Harmothoe extenuata,43.76430879,16.25579425
CresB,SG,44.23839,-64.40676,2013-06-24,Heteromastus filiformis,43.76430879,221.6854511
CresB,SG,44.23839,-64.40676,2013-06-24,Idotea phosphorea,11.0160772,0.700384246
CresB,SG,44.23839,-64.40676,2013-06-24,Lacuna vincta,142.0090036,135.142791
CresB,SG,44.23839,-64.40676,2013-06-24,Leitoscoloplos sp ,152.9250808,1093.672614
CresB,SG,44.23839,-64.40676,2013-06-24,Leptochelia rapax,1670.259811,158.9725875
CresB,SG,44.23839,-64.40676,2013-06-24,Littorina saxatilis,65.59646319,35.64274736
CresB,SG,44.23839,-64.40676,2013-06-24,Mediomastus ambiseta,11.0160772,1.158859488
CresB,SG,44.23839,-64.40676,2013-06-24,Microphthalmus sp,152.9250808,5.700384246
CresB,SG,44.23839,-64.40676,2013-06-24,Mya arenaria,32.8482316,158.3612872
CresB,SG,44.23839,-64.40676,2013-06-24,Mytilidae,283.9180072,12815.67288
CresB,SG,44.23839,-64.40676,2013-06-24,Nemertea,447.6591651,527.6063313
CresB,SG,44.23839,-64.40676,2013-06-24,Odostomia sp,11.0160772,0.689468169
CresB,SG,44.23839,-64.40676,2013-06-24,Oligochaeta,2914.692612,525.2768405
CresB,SG,44.23839,-64.40676,2013-06-24,Parexogone hebes,131.0929264,10.50214828
CresB,SG,44.23839,-64.40676,2013-06-24,Parvicardium pinnulatum,32.8482316,15.19693477
CresB,SG,44.23839,-64.40676,2013-06-24,Pholoe minuta,262.0858528,46.90268099
CresB,SG,44.23839,-64.40676,2013-06-24,Phoxocephalus holbolli,98.34469479,24.06540695
CresB,SG,44.23839,-64.40676,2013-06-24,Rissoidae,54.68038599,13.35211772
CresB,SG,44.23839,-64.40676,2013-06-24,Saccoglossus kowalevskii,120.1768492,476.6413501
CresB,SG,44.23839,-64.40676,2013-06-24,Schistomeringos sp,21.9321544,3.745969784
CresB,SG,44.23839,-64.40676,2013-06-24,Spio filicornis,11.0160772,1.431761418
CrouchI,Bare,44.64077,-63.95612,2013-07-11,Aglaophamus circinata,11.0160772,59.66968824
CrouchI,Bare,44.64077,-63.95612,2013-07-11,Ameroculodes edwardsi,11.0160772,38.69559209
CrouchI,Bare,44.64077,-63.95612,2013-07-11,Ampharete arctica,76.51254039,22.28146887
CrouchI,Bare,44.64077,-63.95612,2013-07-11,Ampharete oculata��,32.8482316,0.831377172
CrouchI,Bare,44.64077,-63.95612,2013-07-11,Arctica islandica,32.8482316,74.18724653
CrouchI,Bare,44.64077,-63.95612,2013-07-11,Aricidea (Acmira) catherinae,556.8199371,76.63501878
CrouchI,Bare,44.64077,-63.95612,2013-07-11,Astarte undata,11.0160772,1.368032486
CrouchI,Bare,44.64077,-63.95612,2013-07-11,Bipalponephtys neotena�,21.9321544,1.530006113
CrouchI,Bare,44.64077,-63.95612,2013-07-11,Capitella sp,65.59646319,2.403292289
CrouchI,Bare,44.64077,-63.95612,2013-07-11,Caudina arenata,11.0160772,93.95975024
CrouchI,Bare,44.64077,-63.95612,2013-07-11,Clymenella zonalis,43.76430879,280.1082962
CrouchI,Bare,44.64077,-63.95612,2013-07-11,Corophiidae,11.0160772,0.482062702
CrouchI,Bare,44.64077,-63.95612,2013-07-11,Crepidula plana,11.0160772,16.22556196
CrouchI,Bare,44.64077,-63.95612,2013-07-11,Cyathura polita,11.0160772,2.228635054
CrouchI,Bare,44.64077,-63.95612,2013-07-11,Dexamine thea,21.9321544,0.623971706
CrouchI,Bare,44.64077,-63.95612,2013-07-11,Dipolydora socialis,11.0160772,0.78574797
CrouchI,Bare,44.64077,-63.95612,2013-07-11,Glycera capitata,142.0090036,106.3025151
CrouchI,Bare,44.64077,-63.95612,2013-07-11,Glycera dibranchiata,11.0160772,75.82482753
CrouchI,Bare,44.64077,-63.95612,2013-07-11,Harmothoe extenuata,11.0160772,0.7222164
CrouchI,Bare,44.64077,-63.95612,2013-07-11,Lacuna vincta,21.9321544,13.14471225
CrouchI,Bare,44.64077,-63.95612,2013-07-11,Mya arenaria,11.0160772,1.562754345
CrouchI,Bare,44.64077,-63.95612,2013-07-11,Nemertea,11.0160772,4.684752423
CrouchI,Bare,44.64077,-63.95612,2013-07-11,Nephtys caeca,43.76430879,786.1994673
CrouchI,Bare,44.64077,-63.95612,2013-07-11,Nicolea venustula,11.0160772,2.412680115
CrouchI,Bare,44.64077,-63.95612,2013-07-11,Ophelina acuminata,414.9109335,117.2076762
CrouchI,Bare,44.64077,-63.95612,2013-07-11,Orchomenella minuta,11.0160772,0.143664309
CrouchI,Bare,44.64077,-63.95612,2013-07-11,Parexogone hebes,5490.886831,119.9476116
CrouchI,Bare,44.64077,-63.95612,2013-07-11,Parvicardium pinnulatum,65.59646319,118.5531884
CrouchI,Bare,44.64077,-63.95612,2013-07-11,Pholoe minuta,21.9321544,6.114758536
CrouchI,Bare,44.64077,-63.95612,2013-07-11,Phyllodoce maculata,207.5054668,21.2116933
CrouchI,Bare,44.64077,-63.95612,2013-07-11,Pygospio elegans,21.9321544,0.37290193
CrouchI,Bare,44.64077,-63.95612,2013-07-11,Saccoglossus kowalevskii,21.9321544,4.368186185
CrouchI,Bare,44.64077,-63.95612,2013-07-11,Salemia coeca,11.0160772,0.361985853
CrouchI,Bare,44.64077,-63.95612,2013-07-11,Schistomeringos sp,524.0717055,69.97206358
CrouchI,Bare,44.64077,-63.95612,2013-07-11,Scoletoma fragilis,120.1768492,18.14427561
CrouchI,Bare,44.64077,-63.95612,2013-07-11,Scoloplos sp,11.0160772,0.318321544
CrouchI,Bare,44.64077,-63.95612,2013-07-11,Spiophanes bombyx,262.0858528,157.6954065
CrouchI,Bare,44.64077,-63.95612,2013-07-11,Spisula solidissima,21.9321544,120.5043315
CrouchI,Bare,44.64077,-63.95612,2013-07-11,Stereobalanus canadensis,185.6733124,25.77461357
CrouchI,Bare,44.64077,-63.95612,2013-07-11,Sthenelais limicola,11.0160772,113.1757139
CrouchI,Bare,44.64077,-63.95612,2013-07-11,Tellina sp,1735.756275,774.0826216
CrouchI,Bare,44.64077,-63.95612,2013-07-11,Tharyx acutus,54.68038599,15.97110296
CrouchI,Bare,44.64077,-63.95612,2013-07-11,Tritia trivittata,21.9321544,11.31081128
CrouchI,SG,44.64223,-63.95655,2013-07-11,Acteocina canaliculata,21.9321544,6.660562396
CrouchI,SG,44.64223,-63.95655,2013-07-11,Ampelisca vadorum,54.68038599,70.79868352
CrouchI,SG,44.64223,-63.95655,2013-07-11,Ampithoe valida,43.76430879,29.40875033
CrouchI,SG,44.64223,-63.95655,2013-07-11,Anomia simplex,11.0160772,7.850414811
CrouchI,SG,44.64223,-63.95655,2013-07-11,Aricidea (Acmira) catherinae,283.9180072,50.09563357
CrouchI,SG,44.64223,-63.95655,2013-07-11,Bittiolum alternatum,120.1768492,20.9715396
CrouchI,SG,44.64223,-63.95655,2013-07-11,Capitella sp,43.76430879,11.56340931
CrouchI,SG,44.64223,-63.95655,2013-07-11,Caprellidae,414.9109335,58.36488953
CrouchI,SG,44.64223,-63.95655,2013-07-11,Chironomidae larvae,21.9321544,2.425124443
CrouchI,SG,44.64223,-63.95655,2013-07-11,Clymenella torquata,32.8482316,154.7589817
CrouchI,SG,44.64223,-63.95655,2013-07-11,Clymenella zonalis,687.8128635,1181.39421
CrouchI,SG,44.64223,-63.95655,2013-07-11,Corophiidae,403.9948563,11.74745437
CrouchI,SG,44.64223,-63.95655,2013-07-11,Crepidula fornicata,54.68038599,1082.974858
CrouchI,SG,44.64223,-63.95655,2013-07-11,Dexamine thea,436.7430879,21.94219719
CrouchI,SG,44.64223,-63.95655,2013-07-11,Dodecaceria concharum,21.9321544,14.87207231
CrouchI,SG,44.64223,-63.95655,2013-07-11,Eulalia viridis,11.0160772,0.471146625
CrouchI,SG,44.64223,-63.95655,2013-07-11,Glycera capitata,11.0160772,6.082010305
CrouchI,SG,44.64223,-63.95655,2013-07-11,Glycera dibranchiata,43.76430879,443.0744127
CrouchI,SG,44.64223,-63.95655,2013-07-11,Gyptis bruneli,142.0090036,68.33639857
CrouchI,SG,44.64223,-63.95655,2013-07-11,Gyptis vittata,11.0160772,7.955645795
CrouchI,SG,44.64223,-63.95655,2013-07-11,Harmothoe extenuata,54.68038599,70.01747446
CrouchI,SG,44.64223,-63.95655,2013-07-11,Harmothoe sp,21.9321544,113.4197974
CrouchI,SG,44.64223,-63.95655,2013-07-11,Idotea phosphorea,11.0160772,0.973286176
CrouchI,SG,44.64223,-63.95655,2013-07-11,Lacuna vincta,4868.670431,2141.725186
CrouchI,SG,44.64223,-63.95655,2013-07-11,Lepidonotus squamatus,11.0160772,7.566596804
CrouchI,SG,44.64223,-63.95655,2013-07-11,Littorina littorea,11.0160772,1301.809458
CrouchI,SG,44.64223,-63.95655,2013-07-11,Littorina saxatilis,54.68038599,36.31954414
CrouchI,SG,44.64223,-63.95655,2013-07-11,Microphthalmus sp,11.0160772,0.602139551
CrouchI,SG,44.64223,-63.95655,2013-07-11,Mya arenaria,11.0160772,1.202523797
CrouchI,SG,44.64223,-63.95655,2013-07-11,Mytilidae,11.0160772,11886.61646
CrouchI,SG,44.64223,-63.95655,2013-07-11,Nereididae,11.0160772,0.17641254
CrouchI,SG,44.64223,-63.95655,2013-07-11,Oligochaeta,120.1768492,6.147506768
CrouchI,SG,44.64223,-63.95655,2013-07-11,Parexogone hebes,11.0160772,0.285573312
CrouchI,SG,44.64223,-63.95655,2013-07-11,Parvicardium pinnulatum,54.68038599,10.98332897
CrouchI,SG,44.64223,-63.95655,2013-07-11,Pholoe minuta,174.7572352,21.67016854
CrouchI,SG,44.64223,-63.95655,2013-07-11,Phoxocephalus holbolli,917.0504847,58.42460047
CrouchI,SG,44.64223,-63.95655,2013-07-11,Protodorvillea gaspeensis,43.76430879,3.167417693
CrouchI,SG,44.64223,-63.95655,2013-07-11,Rissoidae,142.0090036,21.65925247
CrouchI,SG,44.64223,-63.95655,2013-07-11,Scoletoma fragilis,54.68038599,1198.87085
CrouchI,SG,44.64223,-63.95655,2013-07-11,Tellina sp,21.9321544,3.221998079
CrouchI,SG,44.64223,-63.95655,2013-07-11,Testudinalia testudinalis,11.0160772,17.44564667
CrouchI,SG,44.64223,-63.95655,2013-07-11,Tharyx acutus,131.0929264,28.09973801
CrouchI,SG,44.64223,-63.95655,2013-07-11,Turbonilla sp,32.8482316,6.715142782
EastPet,Bare,44.71233,-63.16619,2013-07-15,Alitta sp,622.3164003,222.8316392
EastPet,Bare,44.71233,-63.16619,2013-07-15,Alitta succinea,11.0160772,316.0686927
EastPet,Bare,44.71233,-63.16619,2013-07-15,Alitta virens,11.0160772,746.9670858
EastPet,Bare,44.71233,-63.16619,2013-07-15,Capitella sp,120.1768492,11.95682473
EastPet,Bare,44.71233,-63.16619,2013-07-15,Chironomidae larvae,11.0160772,0.318321544
EastPet,Bare,44.71233,-63.16619,2013-07-15,Clymenella zonalis,65.59646319,881.0929264
EastPet,Bare,44.71233,-63.16619,2013-07-15,Corophiidae,54.68038599,12.86637412
EastPet,Bare,44.71233,-63.16619,2013-07-15,Cumacea,11.0160772,0.711300323
EastPet,Bare,44.71233,-63.16619,2013-07-15,Ecrobia truncata�,65.59646319,14.73845952
EastPet,Bare,44.71233,-63.16619,2013-07-15,Eteone longa,11.0160772,2.55611737
EastPet,Bare,44.71233,-63.16619,2013-07-15,Gammarus lawrencianus,3842.559174,128.0255087
EastPet,Bare,44.71233,-63.16619,2013-07-15,Haminoea solitaria,76.51254039,26.63322079
EastPet,Bare,44.71233,-63.16619,2013-07-15,Heteromastus filiformis,109.260772,187.07057030000001
EastPet,Bare,44.71233,-63.16619,2013-07-15,Hypereteone heteropoda,43.76430879,5.689031526
EastPet,Bare,44.71233,-63.16619,2013-07-15,Jaera (Jaera) albifrons,11.0160772,0.37290193
EastPet,Bare,44.71233,-63.16619,2013-07-15,Limecola balthica,65.59646319,18.5809187
EastPet,Bare,44.71233,-63.16619,2013-07-15,Nemertea,11.0160772,131.5732338
EastPet,Bare,44.71233,-63.16619,2013-07-15,Nephtys caeca,54.68038599,450.7265828
EastPet,Bare,44.71233,-63.16619,2013-07-15,Nereididae,43.76430879,3.931543097
EastPet,Bare,44.71233,-63.16619,2013-07-15,Odostomia sp,11.0160772,5.454697406
EastPet,Bare,44.71233,-63.16619,2013-07-15,Oligochaeta,1037.127334,25.06506855
EastPet,Bare,44.71233,-63.16619,2013-07-15,Parexogone hebes,742.3932495,15.9938084
EastPet,Bare,44.71233,-63.16619,2013-07-15,Phyllodoce maculata,65.59646319,3.156501616
EastPet,Bare,44.71233,-63.16619,2013-07-15,Polydora cornuta,731.4771723,57.4591826
EastPet,Bare,44.71233,-63.16619,2013-07-15,Polydora sp,54.68038599,10.04454633
EastPet,Bare,44.71233,-63.16619,2013-07-15,Protodorvillea gaspeensis,11.0160772,0.536643088
EastPet,Bare,44.71233,-63.16619,2013-07-15,Pygospio elegans,1877.665278,52.57358309
EastPet,Bare,44.71233,-63.16619,2013-07-15,Spio filicornis,11.0160772,0.56939132
EastPet,Bare,44.71233,-63.16619,2013-07-15,Spiophanes bombyx,43.76430879,65.12707187
EastPet,Bare,44.71233,-63.16619,2013-07-15,Spisula solidissima,11.0160772,0.514810934
EastPet,Bare,44.71233,-63.16619,2013-07-15,Stereobalanus canadensis,11.0160772,4.029787791
EastPet,Bare,44.71233,-63.16619,2013-07-15,Streblospio benedicti,2030.490359,223.3010305
EastPet,Bare,44.71233,-63.16619,2013-07-15,Tellina sp,43.76430879,29.75898175
EastPet,Bare,44.71233,-63.16619,2013-07-15,Turbonilla sp,11.0160772,1.431761418
EastPet,SG,44.71216,-63.1665,2013-07-15,Alitta sp,21.9321544,2.70894245
EastPet,SG,44.71216,-63.1665,2013-07-15,Alitta virens,11.0160772,540.7842197
EastPet,SG,44.71216,-63.1665,2013-07-15,Ampelisca vadorum,32.8482316,0.634887783
EastPet,SG,44.71216,-63.1665,2013-07-15,Capitella sp,87.42861759,3.669557244
EastPet,SG,44.71216,-63.1665,2013-07-15,Caprellidae,11.0160772,1.068845516
EastPet,SG,44.71216,-63.1665,2013-07-15,Clymenella zonalis,2827.363994,4739.891066
EastPet,SG,44.71216,-63.1665,2013-07-15,Corophiidae,11.0160772,0.471146625
EastPet,SG,44.71216,-63.1665,2013-07-15,Cumacea,11.0160772,1.988481355
EastPet,SG,44.71216,-63.1665,2013-07-15,Dipolydora sp1,21.9321544,8.156064972
EastPet,SG,44.71216,-63.1665,2013-07-15,Ecrobia truncata�,11.0160772,2.348711903
EastPet,SG,44.71216,-63.1665,2013-07-15,Gammarus lawrencianus,316.6662388,21.60467208
EastPet,SG,44.71216,-63.1665,2013-07-15,Glycera dibranchiata,11.0160772,15.91739586
EastPet,SG,44.71216,-63.1665,2013-07-15,Heteromastus filiformis,32.8482316,55.32443455
EastPet,SG,44.71216,-63.1665,2013-07-15,Idotea phosphorea,43.76430879,3.811466247
EastPet,SG,44.71216,-63.1665,2013-07-15,Jaera (Jaera) albifrons,21.9321544,0.66763601400000006
EastPet,SG,44.71216,-63.1665,2013-07-15,Lacuna sp,98.34469479,21.81041459
EastPet,SG,44.71216,-63.1665,2013-07-15,Lacuna vincta,982.5469479,31.37456117
EastPet,SG,44.71216,-63.1665,2013-07-15,Leitoscoloplos sp ,21.9321544,4.335437953
EastPet,SG,44.71216,-63.1665,2013-07-15,Littorina littorea,11.0160772,88.40014846
EastPet,SG,44.71216,-63.1665,2013-07-15,Littorina saxatilis,32.8482316,21.56100777
EastPet,SG,44.71216,-63.1665,2013-07-15,Mactridae sp 1,32.8482316,1.693747271
EastPet,SG,44.71216,-63.1665,2013-07-15,Mya arenaria,21.9321544,35.31526504
EastPet,SG,44.71216,-63.1665,2013-07-15,Mytilidae,98.34469479,44.42319273
EastPet,SG,44.71216,-63.1665,2013-07-15,Nephtys caeca,98.34469479,917.0231945
EastPet,SG,44.71216,-63.1665,2013-07-15,Nereididae,43.76430879,1.126111257
EastPet,SG,44.71216,-63.1665,2013-07-15,Oligochaeta,54.68038599,5.459793904
EastPet,SG,44.71216,-63.1665,2013-07-15,Parexogone hebes,8176.241822,156.9749454
EastPet,SG,44.71216,-63.1665,2013-07-15,Pholoe minuta,21.9321544,4.739332809
EastPet,SG,44.71216,-63.1665,2013-07-15,Phoxocephalus holbolli,65.59646319,2.872683608
EastPet,SG,44.71216,-63.1665,2013-07-15,Phyllodoce maculata,54.68038599,2.813300148
EastPet,SG,44.71216,-63.1665,2013-07-15,Polycirrus eximius,11.0160772,7.871155358
EastPet,SG,44.71216,-63.1665,2013-07-15,Polydora cornuta,21.9321544,2.90543184
EastPet,SG,44.71216,-63.1665,2013-07-15,Polydora sp,316.6662388,79.75461532
EastPet,SG,44.71216,-63.1665,2013-07-15,Pygospio elegans,4442.94342,129.0297878
EastPet,SG,44.71216,-63.1665,2013-07-15,Saccoglossus kowalevskii,43.76430879,69.44983844
EastPet,SG,44.71216,-63.1665,2013-07-15,Schistomeringos sp,11.0160772,0.7222164
EastPet,SG,44.71216,-63.1665,2013-07-15,Spio filicornis,43.76430879,5.656283294
EastPet,SG,44.71216,-63.1665,2013-07-15,Spio setosa,21.9321544,49.21143132
EastPet,SG,44.71216,-63.1665,2013-07-15,Spiophanes bombyx,436.7430879,667.0858528
EastPet,SG,44.71216,-63.1665,2013-07-15,Streblospio benedicti,262.0858528,16.92167496
EastPet,SG,44.71216,-63.1665,2013-07-15,Tellina sp,775.1414811,304.9969522
EastPet,SG,44.71216,-63.1665,2013-07-15,Tharyx acutus,21.9321544,1.693747271
EastPet,SG,44.71216,-63.1665,2013-07-15,Tritia trivittata,11.0160772,105.2436556
EastPet,SG,44.71216,-63.1665,2013-07-15,Turbonilla sp,480.4073967,123.0368614
Keji,Bare,43.87273,-64.8195,2009-08-13,Alitta sp,43.76430879,94.55910837
Keji,Bare,43.87273,-64.8195,2009-08-13,Capitella sp,3635.153707,675.71785
Keji,Bare,43.87273,-64.8195,2009-08-13,Chironomidae larvae,240.2536984,121.5816392
Keji,Bare,43.87273,-64.8195,2009-08-13,Corophiidae,502.23955110000003,51.73304515
Keji,Bare,43.87273,-64.8195,2009-08-13,Ecrobia truncata�,109.260772,57.06554886
Keji,Bare,43.87273,-64.8195,2009-08-13,Fabricia stellaris,11.0160772,10.87711554
Keji,Bare,43.87273,-64.8195,2009-08-13,Gammarus mucronatus,1113.539874,553.5778622
Keji,Bare,43.87273,-64.8195,2009-08-13,Gemma gemma,87.42861759,46.30884639
Keji,Bare,43.87273,-64.8195,2009-08-13,Leitoscoloplos sp ,21.9321544,0.110916077
Keji,Bare,43.87273,-64.8195,2009-08-13,Leptochelia rapax,11.0160772,6.10395162
Keji,Bare,43.87273,-64.8195,2009-08-13,Nudibranchia,21.9321544,17.2260152
Keji,Bare,43.87273,-64.8195,2009-08-13,Oligochaeta,469.4913195,48.06349664
Keji,Bare,43.87273,-64.8195,2009-08-13,Polydora cornuta,109.260772,45.46830844
Keji,Bare,43.87273,-64.8195,2009-08-13,Skeneopsis planorbis,11.0160772,48.35975897
Keji,Bare,43.87273,-64.8195,2009-08-13,Spio setosa,11.0160772,9.498742468
Keji,Bare,43.87273,-64.8195,2009-08-13,Streblospio benedicti,131.0929264,13.77784473
Keji,SG,43.87186,-64.82283,2009-08-13,Alitta sp,109.260772,279.0080648
Keji,SG,43.87186,-64.82283,2009-08-13,Capitella sp,316.6662388,33.65602131
Keji,SG,43.87186,-64.82283,2009-08-13,Caprellidae,11.0160772,0.110916077
Keji,SG,43.87186,-64.82283,2009-08-13,Chironomidae larvae,32.8482316,28.28050825
Keji,SG,43.87186,-64.82283,2009-08-13,Corophiidae,534.9877827,44.12672256
Keji,SG,43.87186,-64.82283,2009-08-13,Ecrobia truncata�,87.42861759,31.18898786
Keji,SG,43.87186,-64.82283,2009-08-13,Fabricia stellaris,11.0160772,2.495096498
Keji,SG,43.87186,-64.82283,2009-08-13,Gammarus mucronatus,152.9250808,53.7197712
Keji,SG,43.87186,-64.82283,2009-08-13,Gemma gemma,185.6733124,95.59438914
Keji,SG,43.87186,-64.82283,2009-08-13,Idotea balthica,21.9321544,47.78786569
Keji,SG,43.87186,-64.82283,2009-08-13,Leitoscoloplos sp ,76.51254039,291.4605799
Keji,SG,43.87186,-64.82283,2009-08-13,Leptochelia rapax,11.0160772,10.16877129
Keji,SG,43.87186,-64.82283,2009-08-13,Littorina obtusata,65.59646319,184.6954502
Keji,SG,43.87186,-64.82283,2009-08-13,Polydora cornuta,338.4983932,1.104279102
Keji,SG,43.87186,-64.82283,2009-08-13,Streblospio benedicti,32.8482316,1.835656275
L3F,Bare,44.63607,-63.29303,2013-07-02,Alitta sp,382.1627019,100.353253
L3F,Bare,44.63607,-63.29303,2013-07-02,Alitta virens,240.2536984,3839.059698
L3F,Bare,44.63607,-63.29303,2013-07-02,Capitella sp,11.0160772,1.218024627
L3F,Bare,44.63607,-63.29303,2013-07-02,Corophiidae,273.00193,9.25858877
L3F,Bare,44.63607,-63.29303,2013-07-02,Cumacea,131.0929264,14.94586499
L3F,Bare,44.63607,-63.29303,2013-07-02,Ecrobia truncata�,87.42861759,13.52677495
L3F,Bare,44.63607,-63.29303,2013-07-02,Gemma gemma,7226.543105,1450.988569
L3F,Bare,44.63607,-63.29303,2013-07-02,Heteromastus filiformis,120.1768492,556.1844031
L3F,Bare,44.63607,-63.29303,2013-07-02,Hypereteone heteropoda,21.9321544,13.47219457
L3F,Bare,44.63607,-63.29303,2013-07-02,Idotea balthica,43.76430879,50.35761942
L3F,Bare,44.63607,-63.29303,2013-07-02,Leitoscoloplos sp ,414.9109335,385.983329
L3F,Bare,44.63607,-63.29303,2013-07-02,Limecola balthica,21.9321544,214.0005327
L3F,Bare,44.63607,-63.29303,2013-07-02,Mya arenaria,43.76430879,113.081399
L3F,Bare,44.63607,-63.29303,2013-07-02,Nemertea,11.0160772,45.20523098
L3F,Bare,44.63607,-63.29303,2013-07-02,Oligochaeta,21.9321544,0.962370099
L3F,Bare,44.63607,-63.29303,2013-07-02,Phoxocephalus holbolli,1779.420583,107.7434373
L3F,Bare,44.63607,-63.29303,2013-07-02,Polydora cornuta,32.8482316,7.4246878
L3F,Bare,44.63607,-63.29303,2013-07-02,Pygospio elegans,21.9321544,0.66763601400000006
L3F,Bare,44.63607,-63.29303,2013-07-02,Saccoglossus kowalevskii,294.8340844,504.3681862
L3F,Bare,44.63607,-63.29303,2013-07-02,Scoloplos sp,87.42861759,17.94778622
L3F,Bare,44.63607,-63.29303,2013-07-02,Streblospio benedicti,32.8482316,2.043061741
L3F,SG,44.63595,-63.29391,2013-07-02,Alitta sp,273.00193,150.5781242
L3F,SG,44.63595,-63.29391,2013-07-02,Alitta virens,11.0160772,341.8277967
L3F,SG,44.63595,-63.29391,2013-07-02,Capitella sp,4170.04149,196.2182429
L3F,SG,44.63595,-63.29391,2013-07-02,Caprellidae,98.34469479,74.90996201
L3F,SG,44.63595,-63.29391,2013-07-02,Chironomidae larvae,21.9321544,15.76457078
L3F,SG,44.63595,-63.29391,2013-07-02,Corophiidae,4388.363034,179.6191359
L3F,SG,44.63595,-63.29391,2013-07-02,Cumacea,21.9321544,1.726495503
L3F,SG,44.63595,-63.29391,2013-07-02,Dipolydora sp1,43.76430879,1.759243734
L3F,SG,44.63595,-63.29391,2013-07-02,Ecrobia truncata�,556.8199371,112.2736093
L3F,SG,44.63595,-63.29391,2013-07-02,Gammarus lawrencianus,21.9321544,11.08157366
L3F,SG,44.63595,-63.29391,2013-07-02,Gammarus mucronatus,305.7501616,70.96717317
L3F,SG,44.63595,-63.29391,2013-07-02,Gemma gemma,1222.700646,168.37133
L3F,SG,44.63595,-63.29391,2013-07-02,Haminoea solitaria,11.0160772,1.147943411
L3F,SG,44.63595,-63.29391,2013-07-02,Heteromastus filiformis,152.9250808,706.7085931
L3F,SG,44.63595,-63.29391,2013-07-02,Hypereteone heteropoda,43.76430879,27.69584316
L3F,SG,44.63595,-63.29391,2013-07-02,Idotea balthica,21.9321544,14.6074666
L3F,SG,44.63595,-63.29391,2013-07-02,Idotea phosphorea,11.0160772,0.711300323
L3F,SG,44.63595,-63.29391,2013-07-02,Lacuna vincta,11.0160772,48.23990045
L3F,SG,44.63595,-63.29391,2013-07-02,Leitoscoloplos sp ,1069.875565,1308.239027
L3F,SG,44.63595,-63.29391,2013-07-02,Leptochelia rapax,142.0090036,12.28234215
L3F,SG,44.63595,-63.29391,2013-07-02,Limecola balthica,32.8482316,1366.683704
L3F,SG,44.63595,-63.29391,2013-07-02,Marenzelleria viridis,76.51254039,508.1095625
L3F,SG,44.63595,-63.29391,2013-07-02,Nemertea,185.6733124,420.205231
L3F,SG,44.63595,-63.29391,2013-07-02,Oligochaeta,600.4842459,46.95180334
L3F,SG,44.63595,-63.29391,2013-07-02,Phyllodoce maculata,11.0160772,9.95721771
L3F,SG,44.63595,-63.29391,2013-07-02,Platyhelminthes 2,11.0160772,10.17553925
L3F,SG,44.63595,-63.29391,2013-07-02,Polydora cornuta,382.1627019,56.36146188
L3F,SG,44.63595,-63.29391,2013-07-02,Polydora sp,458.5752423,54.27649114
L3F,SG,44.63595,-63.29391,2013-07-02,Pygospio elegans,65.59646319,1.890236661
L3F,SG,44.63595,-63.29391,2013-07-02,Saccoglossus kowalevskii,218.421544,546.7443979
L3F,SG,44.63595,-63.29391,2013-07-02,Scoloplos sp,807.8897127,181.1213082
L3F,SG,44.63595,-63.29391,2013-07-02,Streblospio benedicti,218.421544,15.4698367
L3F,SG,44.63595,-63.29391,2013-07-02,Tharyx acutus,11.0160772,1.137027334
PH,Bare,43.86896,-64.97327,2009-08-11,Acteocina canaliculata,21.9321544,20.84054668
PH,Bare,43.86896,-64.97327,2009-08-11,Capitella sp,3012.937307,162.0945856
PH,Bare,43.86896,-64.97327,2009-08-11,Chironomidae larvae,218.421544,85.76282421
PH,Bare,43.86896,-64.97327,2009-08-11,Ecrobia truncata�,3056.601616,266.0167322
PH,Bare,43.86896,-64.97327,2009-08-11,Gemma gemma,9224.185233,891.9435071
PH,Bare,43.86896,-64.97327,2009-08-11,Heteromastus filiformis,174.7572352,992.5897389
PH,Bare,43.86896,-64.97327,2009-08-11,Hypereteone heteropoda,360.3305476,72.06140075
PH,Bare,43.86896,-64.97327,2009-08-11,Hypereteone lactea�,11.0160772,99.61270631
PH,Bare,43.86896,-64.97327,2009-08-11,Leitoscoloplos sp ,11.0160772,4.684752423
PH,Bare,43.86896,-64.97327,2009-08-11,Limecola balthica,21.9321544,1899.095284
PH,Bare,43.86896,-64.97327,2009-08-11,Littorina obtusata,54.68038599,7.850414811
PH,Bare,43.86896,-64.97327,2009-08-11,Oligochaeta,3209.426696,153.4708846
PH,Bare,43.86896,-64.97327,2009-08-11,Polydora cornuta,32.8482316,9.815308707
PH,Bare,43.86896,-64.97327,2009-08-11,Rissoidae,316.6662388,39.94368177
PH,Bare,43.86896,-64.97327,2009-08-11,Streblospio benedicti,251.1697756,10.14279102
PH,Bare,43.86896,-64.97327,2009-08-11,Tritia obsoleta,163.841158,831.1409571
PH,SG,43.8688,-64.97121,2009-08-11,Acteocina canaliculata,21.9321544,24.77033447
PH,SG,43.8688,-64.97121,2009-08-11,Capitella sp,1572.015117,98.99965942
PH,SG,43.8688,-64.97121,2009-08-11,Chironomidae larvae,43.76430879,7.632093267
PH,SG,43.8688,-64.97121,2009-08-11,Clymenella torquata,11.0160772,31.31998079
PH,SG,43.8688,-64.97121,2009-08-11,Clymenella zonalis,43.76430879,96.39944983
PH,SG,43.8688,-64.97121,2009-08-11,Corophiidae,21.9321544,0.864125404
PH,SG,43.8688,-64.97121,2009-08-11,Cumacea,11.0160772,1.082446948
PH,SG,43.8688,-64.97121,2009-08-11,Ecrobia truncata�,3809.810942,206.8505021
PH,SG,43.8688,-64.97121,2009-08-11,Gammarus mucronatus,65.59646319,21.71383285
PH,SG,43.8688,-64.97121,2009-08-11,Gemma gemma,3624.23763,155.4466946
PH,SG,43.8688,-64.97121,2009-08-11,Heteromastus filiformis,207.5054668,435.047057
PH,SG,43.8688,-64.97121,2009-08-11,Hypereteone heteropoda,21.9321544,4.684752423
PH,SG,43.8688,-64.97121,2009-08-11,Idotea balthica,11.0160772,13.7450965
PH,SG,43.8688,-64.97121,2009-08-11,Idotea phosphorea,11.0160772,0.754964632
PH,SG,43.8688,-64.97121,2009-08-11,Jaera (Jaera) albifrons,54.68038599,5.503458213
PH,SG,43.8688,-64.97121,2009-08-11,Leitoscoloplos sp ,43.76430879,24.12628591
PH,SG,43.8688,-64.97121,2009-08-11,Lepidonotus squamatus,11.0160772,0.274657235
PH,SG,43.8688,-64.97121,2009-08-11,Limecola balthica,11.0160772,1290.598646
PH,SG,43.8688,-64.97121,2009-08-11,Littorina obtusata,6888.144712,438.3804995
PH,SG,43.8688,-64.97121,2009-08-11,Mya arenaria,447.6591651,201.3739935
PH,SG,43.8688,-64.97121,2009-08-11,Mytilidae,11.0160772,4.684752423
PH,SG,43.8688,-64.97121,2009-08-11,Oligochaeta,2958.356921,112.3281897
PH,SG,43.8688,-64.97121,2009-08-11,Pholoe minuta,11.0160772,0.134931447
PH,SG,43.8688,-64.97121,2009-08-11,Polydora cornuta,11.0160772,0.536643088
PH,SG,43.8688,-64.97121,2009-08-11,Rissoidae,1648.427657,198.8702952
PH,SG,43.8688,-64.97121,2009-08-11,Spirorbis (Spirorbis) spirorbis,32.8482316,0.754964632
PH,SG,43.8688,-64.97121,2009-08-11,Streblospio benedicti,676.8967863,21.29902192
PH,SG,43.8688,-64.97121,2009-08-11,Tritia obsoleta,273.00193,3904.016688
PJ,Bare,43.87551,-64.89978,2009-08-12,Acteocina canaliculata,32.8482316,492.4150817
PJ,Bare,43.87551,-64.89978,2009-08-12,Alitta sp,11.0160772,235.9964283
PJ,Bare,43.87551,-64.89978,2009-08-12,Capitella sp,338.4983932,117.4478299
PJ,Bare,43.87551,-64.89978,2009-08-12,Chironomidae larvae,11.0160772,0.536643088
PJ,Bare,43.87551,-64.89978,2009-08-12,Clymenella torquata,11.0160772,122.9058685
PJ,Bare,43.87551,-64.89978,2009-08-12,Ecrobia truncata�,3373.167854,238.0704829
PJ,Bare,43.87551,-64.89978,2009-08-12,Gammarus mucronatus,32.8482316,14.07257881
PJ,Bare,43.87551,-64.89978,2009-08-12,Gemma gemma,19430.71741,1498.659078
PJ,Bare,43.87551,-64.89978,2009-08-12,Glycera dibranchiata,21.9321544,45.07642127
PJ,Bare,43.87551,-64.89978,2009-08-12,Heteromastus filiformis,764.2254039,602.8857829
PJ,Bare,43.87551,-64.89978,2009-08-12,Hypereteone heteropoda,273.00193,24.6611737
PJ,Bare,43.87551,-64.89978,2009-08-12,Leitoscoloplos sp ,414.9109335,116.902026
PJ,Bare,43.87551,-64.89978,2009-08-12,Littorina obtusata,76.51254039,14.83670422
PJ,Bare,43.87551,-64.89978,2009-08-12,Mya arenaria,76.51254039,273.3294123
PJ,Bare,43.87551,-64.89978,2009-08-12,Mytilidae,21.9321544,7.959575583
PJ,Bare,43.87551,-64.89978,2009-08-12,Oligochaeta,655.0646319,19.31229587
PJ,Bare,43.87551,-64.89978,2009-08-12,Rissoidae,1091.70772,114.2930836
PJ,Bare,43.87551,-64.89978,2009-08-12,Streblospio benedicti,786.0575583,47.2574535
PJ,Bare,43.87551,-64.89978,2009-08-12,Tritia obsoleta,251.1697756,6662.400236
PJ,SG,43.87576,-64.90017,2009-08-12,Acteocina canaliculata,1451.938267,1377.272299
PJ,SG,43.87576,-64.90017,2009-08-12,Alitta sp,32.8482316,17.56572352
PJ,SG,43.87576,-64.90017,2009-08-12,Capitella sp,360.3305476,168.0984281
PJ,SG,43.87576,-64.90017,2009-08-12,Clymenella torquata,251.1697756,1143.668247
PJ,SG,43.87576,-64.90017,2009-08-12,Clymenella zonalis,152.9250808,423.8621168
PJ,SG,43.87576,-64.90017,2009-08-12,Corophiidae,76.51254039,1.311684569
PJ,SG,43.87576,-64.90017,2009-08-12,Ecrobia truncata�,229.3376212,37.21466247
PJ,SG,43.87576,-64.90017,2009-08-12,Edotia triloba,21.9321544,2.3286263210000002
PJ,SG,43.87576,-64.90017,2009-08-12,Eumida sanguinea,32.8482316,2.5705265920000002
PJ,SG,43.87576,-64.90017,2009-08-12,Gammarus mucronatus,76.51254039,13.96341804
PJ,SG,43.87576,-64.90017,2009-08-12,Gemma gemma,360.3305476,55.00786831
PJ,SG,43.87576,-64.90017,2009-08-12,Glycera dibranchiata,21.9321544,59.15597764
PJ,SG,43.87576,-64.90017,2009-08-12,Heteromastus filiformis,534.9877827,429.8659593
PJ,SG,43.87576,-64.90017,2009-08-12,Hypereteone heteropoda,32.8482316,8.614540215
PJ,SG,43.87576,-64.90017,2009-08-12,Idotea balthica,11.0160772,1.73741158
PJ,SG,43.87576,-64.90017,2009-08-12,Idotea phosphorea,43.76430879,15.60585102
PJ,SG,43.87576,-64.90017,2009-08-12,Jaera (Jaera) albifrons,43.76430879,1.73741158
PJ,SG,43.87576,-64.90017,2009-08-12,Leitoscoloplos sp ,120.1768492,66.03310628
PJ,SG,43.87576,-64.90017,2009-08-12,Littorina obtusata,3635.153707,676.0235001
PJ,SG,43.87576,-64.90017,2009-08-12,Mediomastus ambiseta,32.8482316,9.134145489
PJ,SG,43.87576,-64.90017,2009-08-12,Mytilidae,131.0929264,1660.602698
PJ,SG,43.87576,-64.90017,2009-08-12,Nemertea,11.0160772,2.523369138
PJ,SG,43.87576,-64.90017,2009-08-12,Oligochaeta,1189.952415,55.00786831
PJ,SG,43.87576,-64.90017,2009-08-12,Phoxocephalus holbolli,371.2466247,35.28906646
PJ,SG,43.87576,-64.90017,2009-08-12,Rissoidae,469.4913195,64.94149856
PJ,SG,43.87576,-64.90017,2009-08-12,Streblospio benedicti,1997.742127,56.9727622
PJ,SG,43.87576,-64.90017,2009-08-12,Tritia obsoleta,120.1768492,3591.487289
Sambro,Bare,44.45529,-63.58588,2013-07-09,Aricidea (Acmira) catherinae,32.8482316,5.252388438
Sambro,Bare,44.45529,-63.58588,2013-07-09,Capitella sp,109.260772,20.58554711
Sambro,Bare,44.45529,-63.58588,2013-07-09,Circeis spirillum,11.0160772,22.3425989
Sambro,Bare,44.45529,-63.58588,2013-07-09,Cumacea,11.0160772,6.02926382
Sambro,Bare,44.45529,-63.58588,2013-07-09,Cyathura polita,11.0160772,14.73599249
Sambro,Bare,44.45529,-63.58588,2013-07-09,Lacuna vincta,11.0160772,1.388097109
Sambro,Bare,44.45529,-63.58588,2013-07-09,Littorina saxatilis,11.0160772,5.306968824
Sambro,Bare,44.45529,-63.58588,2013-07-09,Margarites helicinus,21.9321544,1.328541066
Sambro,Bare,44.45529,-63.58588,2013-07-09,Moelleria costulata,21.9321544,1.734924352
Sambro,Bare,44.45529,-63.58588,2013-07-09,Mytilidae,11.0160772,772.5107065
Sambro,Bare,44.45529,-63.58588,2013-07-09,Nephtys caeca,65.59646319,541.9631561
Sambro,Bare,44.45529,-63.58588,2013-07-09,Nephtys ciliata,11.0160772,7.63536809
Sambro,Bare,44.45529,-63.58588,2013-07-09,Nephtys picta,32.8482316,467.8102436
Sambro,Bare,44.45529,-63.58588,2013-07-09,Parexogone hebes,76.51254039,2.35962798
Sambro,Bare,44.45529,-63.58588,2013-07-09,Polycirrus eximius,11.0160772,10.32836433
Sambro,Bare,44.45529,-63.58588,2013-07-09,Polydora sp,21.9321544,13.13379618
Sambro,Bare,44.45529,-63.58588,2013-07-09,Psammonyx nobilis,185.6733124,364.0179875
Sambro,Bare,44.45529,-63.58588,2013-07-09,Pygospio elegans,163.841158,15.6117457
Sambro,Bare,44.45529,-63.58588,2013-07-09,Schistomeringos sp,11.0160772,0.154580386
Sambro,Bare,44.45529,-63.58588,2013-07-09,Spio setosa,43.76430879,137.7299013
Sambro,Bare,44.45529,-63.58588,2013-07-09,Spiophanes bombyx,65.59646319,164.3542136
Sambro,Bare,44.45529,-63.58588,2013-07-09,Tellina sp,109.260772,101.8050913
Sambro,Bare,44.45529,-63.58588,2013-07-09,Unciola irrorata,11.0160772,1.595502576
Sambro,SG,44.45498,-63.59075,2013-07-09,Alitta virens,21.9321544,227.9621954
Sambro,SG,44.45498,-63.59075,2013-07-09,Amphipholis squamata,11.0160772,43.99354642
Sambro,SG,44.45498,-63.59075,2013-07-09,Aricidea (Acmira) catherinae,21.9321544,6.365828312
Sambro,SG,44.45498,-63.59075,2013-07-09,Capitella sp,207.5054668,77.34150729
Sambro,SG,44.45498,-63.59075,2013-07-09,Caprellidae,11.0160772,14.92403284
Sambro,SG,44.45498,-63.59075,2013-07-09,Circeis spirillum,43.76430879,14.21448782
Sambro,SG,44.45498,-63.59075,2013-07-09,Clymenella torquata,305.7501616,2127.851288
Sambro,SG,44.45498,-63.59075,2013-07-09,Clymenella zonalis,32.8482316,255.6781154
Sambro,SG,44.45498,-63.59075,2013-07-09,Corophiidae,76.51254039,8.287057899
Sambro,SG,44.45498,-63.59075,2013-07-09,Dexamine thea,11.0160772,0.613055628
Sambro,SG,44.45498,-63.59075,2013-07-09,Dipolydora sp1,273.00193,116.3169243
Sambro,SG,44.45498,-63.59075,2013-07-09,Eteone longa,21.9321544,140.2943062
Sambro,SG,44.45498,-63.59075,2013-07-09,Eulalia viridis,11.0160772,17.82530783
Sambro,SG,44.45498,-63.59075,2013-07-09,Gammarus lawrencianus,131.0929264,62.27797572
Sambro,SG,44.45498,-63.59075,2013-07-09,Gammarus oceanicus,98.34469479,42.76151428
Sambro,SG,44.45498,-63.59075,2013-07-09,Harmothoe extenuata,98.34469479,88.70579862
Sambro,SG,44.45498,-63.59075,2013-07-09,Harmothoe sp,43.76430879,246.186368
Sambro,SG,44.45498,-63.59075,2013-07-09,Hiatella arctica,21.9321544,248.2628976
Sambro,SG,44.45498,-63.59075,2013-07-09,Ischyrocerus anguipes,87.42861759,37.47461794
Sambro,SG,44.45498,-63.59075,2013-07-09,Lacuna vincta,1310.029264,631.4749891
Sambro,SG,44.45498,-63.59075,2013-07-09,Leitoscoloplos sp ,11.0160772,479.5668588
Sambro,SG,44.45498,-63.59075,2013-07-09,Mactridae sp 1,11.0160772,8.172110733
Sambro,SG,44.45498,-63.59075,2013-07-09,Mediomastus ambiseta,11.0160772,1.73741158
Sambro,SG,44.45498,-63.59075,2013-07-09,Microphthalmus sp,142.0090036,4.291773644
Sambro,SG,44.45498,-63.59075,2013-07-09,Nemertea,32.8482316,10344.4804
Sambro,SG,44.45498,-63.59075,2013-07-09,Neoamphitrite figulus,43.76430879,472.5115798
Sambro,SG,44.45498,-63.59075,2013-07-09,Nephtys caeca,120.1768492,1259.247236
Sambro,SG,44.45498,-63.59075,2013-07-09,Oligochaeta,2467.133447,203.2263645
Sambro,SG,44.45498,-63.59075,2013-07-09,Ophiopholis aculeata,11.0160772,60.19300498
Sambro,SG,44.45498,-63.59075,2013-07-09,Parexogone hebes,3045.685538,112.4046022
Sambro,SG,44.45498,-63.59075,2013-07-09,Pherusa affinis,43.76430879,1112.262693
Sambro,SG,44.45498,-63.59075,2013-07-09,Pholoe minuta,21.9321544,15.66632609
Sambro,SG,44.45498,-63.59075,2013-07-09,Phoxocephalus holbolli,196.5893896,18.98481355
Sambro,SG,44.45498,-63.59075,2013-07-09,Phyllodoce maculata,54.68038599,57.42359619
Sambro,SG,44.45498,-63.59075,2013-07-09,Polycirrus eximius,11.0160772,8.188813204
Sambro,SG,44.45498,-63.59075,2013-07-09,Polydora sp,1211.784569,172.9342503
Sambro,SG,44.45498,-63.59075,2013-07-09,Protodorvillea gaspeensis,174.7572352,42.44149856
Sambro,SG,44.45498,-63.59075,2013-07-09,Pygospio elegans,524.0717055,20.39298751
Sambro,SG,44.45498,-63.59075,2013-07-09,Schistomeringos sp,21.9321544,2.610697756
Sambro,SG,44.45498,-63.59075,2013-07-09,Scoloplos sp,11.0160772,32.02559602
Sambro,SG,44.45498,-63.59075,2013-07-09,Spio setosa,11.0160772,10.88508427
Sambro,SG,44.45498,-63.59075,2013-07-09,Spiophanes bombyx,87.42861759,41.20994673
Sambro,SG,44.45498,-63.59075,2013-07-09,Tellina sp,65.59646319,48.39272553
Sambro,SG,44.45498,-63.59075,2013-07-09,Tritia trivittata,11.0160772,69.96289407
Sambro,SG,44.45498,-63.59075,2013-07-09,Unciola irrorata,76.51254039,94.2956816
SecPen,Bare,44.40102,-64.28021,2013-07-08,Bittiolum alternatum,11.0160772,4.695668501
SecPen,Bare,44.40102,-64.28021,2013-07-08,Chironomidae larvae,11.0160772,8.101484586
SecPen,Bare,44.40102,-64.28021,2013-07-08,Corophiidae,32.8482316,0.896873635
SecPen,Bare,44.40102,-64.28021,2013-07-08,Ecrobia truncata�,11.0160772,3.396655314
SecPen,Bare,44.40102,-64.28021,2013-07-08,Gammarus lawrencianus,273.00193,4.597423806
SecPen,Bare,44.40102,-64.28021,2013-07-08,Haloclava producta,11.0160772,126.6926993
SecPen,Bare,44.40102,-64.28021,2013-07-08,Leitoscoloplos sp ,11.0160772,38.30627019
SecPen,Bare,44.40102,-64.28021,2013-07-08,Microphthalmus sp,185.6733124,5.612618985
SecPen,Bare,44.40102,-64.28021,2013-07-08,Nemertea,11.0160772,0.91870579
SecPen,Bare,44.40102,-64.28021,2013-07-08,Nephtys incisa,11.0160772,10.914776
SecPen,Bare,44.40102,-64.28021,2013-07-08,Nereididae,11.0160772,0.733132478
SecPen,Bare,44.40102,-64.28021,2013-07-08,Oligochaeta,120.1768492,6.45315693
SecPen,Bare,44.40102,-64.28021,2013-07-08,Pholoe minuta,11.0160772,0.482062702
SecPen,Bare,44.40102,-64.28021,2013-07-08,Polydora cornuta,338.4983932,27.71767531
SecPen,Bare,44.40102,-64.28021,2013-07-08,Polydora sp,11.0160772,1.824740197
SecPen,Bare,44.40102,-64.28021,2013-07-08,Schistomeringos sp,11.0160772,5.296052746
SecPen,Bare,44.40102,-64.28021,2013-07-08,Spio filicornis,589.5681687,184.1887259
SecPen,SG,44.40147,-64.2805,2013-07-08,Bittiolum alternatum,21.9321544,8.559959829
SecPen,SG,44.40147,-64.2805,2013-07-08,Capitella sp,21.9321544,1.759243734
SecPen,SG,44.40147,-64.2805,2013-07-08,Chironomidae larvae,611.4003231,391.1902978
SecPen,SG,44.40147,-64.2805,2013-07-08,Corophiidae,1080.791643,40.6968911
SecPen,SG,44.40147,-64.2805,2013-07-08,Gammarus lawrencianus,414.9109335,389.2962602
SecPen,SG,44.40147,-64.2805,2013-07-08,Harmothoe extenuata,11.0160772,8.046904201
SecPen,SG,44.40147,-64.2805,2013-07-08,Leitoscoloplos sp ,32.8482316,251.0278666
SecPen,SG,44.40147,-64.2805,2013-07-08,Leptochelia rapax,775.1414811,82.40724391
SecPen,SG,44.40147,-64.2805,2013-07-08,Marenzelleria viridis,32.8482316,27.28103222
SecPen,SG,44.40147,-64.2805,2013-07-08,Metridium dianthus,21.9321544,118.1494717
SecPen,SG,44.40147,-64.2805,2013-07-08,Nemertea,76.51254039,59.6581172
SecPen,SG,44.40147,-64.2805,2013-07-08,Oligochaeta,316.6662388,26.32041743
SecPen,SG,44.40147,-64.2805,2013-07-08,Pholoe minuta,21.9321544,3.975207405
SecPen,SG,44.40147,-64.2805,2013-07-08,Polydora cornuta,142.0090036,9.094847612
SecPen,SG,44.40147,-64.2805,2013-07-08,Polydora sp,32.8482316,1.573670422
SecPen,SG,44.40147,-64.2805,2013-07-08,Spio filicornis,98.34469479,27.44477338
